USE Homework_1;

INSERT INTO Tunnels (line_name, line_color) VALUES
('Святошинсько-Броварська', 'Червоний'),
('Оболонсько-Теремківська', 'Синій'),
('Сирецько-Печерська', 'Зелений'),
('Подільсько-Вигурівська', 'Помаранчевий'),
('Придніпровська', 'Жовтий');

INSERT INTO Interchanges (interchange_id, hub_name_1, hub_name_2) VALUES
(1, 'Хрещатик', 'Майдан Незалежності'),
(2, 'Театральна', 'Золоті Ворота'),
(3, 'Палац Спорту', 'Площа Українських Героїв'),
(4, 'Майдан Незалежності', 'Хрещатик'),
(5, 'Золоті Ворота', 'Театральна'),
(6, 'Площа Українських Героїв', 'Палац Спорту');

INSERT INTO Architects (architect_id, architect_name) VALUES
(1, 'В. І. Єжов'),
(2, 'А. С. Крушинський'),
(3, 'Т. О. Целіковська'),
(4, 'А. В. Добровольський'),
(5, 'М. С. Коломієць'),
(6, 'Ю. Б. Тягно'),
(7, 'І. Л. Масленков'),
(8, 'В. О. Гнєзділов'),
(9, 'М. М. Альошин'),
(10, 'Т. І. Гнезділова'),
(11, 'А. І. Приймак'),
(12, 'Я. К. Віг'),
(13, 'І. Г. Лебідєв'),
(14, 'В. І. Уманець'),
(15, 'В. К. Жеріков'),
(16, 'М. М. Сиркін'),
(17, 'П. Ф. Красицький'),
(18, 'Г. В. Головко'),
(19, 'Б. І. Приймак'),
(20, 'І. С. Іванов'),
(21, 'К. М. Афанасьєв'),
(22, 'О. О. Гаврилов'),
(23, 'Д. М. Катраматов'),
(24, 'С. Ю. Кравець'),
(25, 'О. В. Менар'),
(26, 'О. М. Ігнатьєв'),
(27, 'Ф. М. Заремба'),
(28, 'В. І. Юдін'),
(29, 'М. М. Куцин'),
(30, 'О. В. Ренькас'),
(31, 'Я. М. Левітан'),
(32, 'В. В. Овсієнко'),
(33, 'В. І. Мельничук'),
(34, 'М. П. Сторчевий');

INSERT INTO Stations (station_id, station_name, line_id, depth_meters, opening_year, interchange_id) VALUES
(1, 'Академмістечко', 1, 12, 2003, NULL),
(2, 'Житомирська', 1, 14, 2003, NULL),
(3, 'Святошин', 1, 10, 1971, NULL),
(4, 'Нивки', 1, 12, 1971, NULL),
(5, 'Берестейська', 1, 15, 1971, NULL),
(6, 'Шулявська', 1, 92, 1963, NULL),
(7, 'Політехнічний інститут', 1, 55, 1963, NULL),
(8, 'Вокзальна', 1, 40, 1960, NULL),
(9, 'Університет', 1, 87, 1960, NULL),
(10, 'Театральна', 1, 70, 1987, 2),
(11, 'Хрещатик', 1, 40, 1960, 1),
(12, 'Арсенальна', 1, 105, 1960, NULL),
(13, 'Дніпро', 1, 4, 1960, NULL),
(14, 'Гідропарк', 1, 6, 1965, NULL),
(15, 'Лівобережна', 1, 8, 1965, NULL),
(16, 'Дарниця', 1, 10, 1965, NULL),
(17, 'Чернігівська', 1, 10, 1968, NULL),
(18, 'Лісова', 1, 8, 1979, NULL),
(19, 'Героїв Дніпра', 2, 8, 1982, NULL),
(20, 'Мінська', 2, 12, 1982, NULL),
(21, 'Оболонь', 2, 9, 1980, NULL),
(22, 'Почайна', 2, 6, 1980, NULL),
(23, 'Тараса Шевченка', 2, 10, 1980, NULL),
(24, 'Контрактова площа', 2, 12, 1976, NULL),
(25, 'Поштова площа', 2, 15, 1976, NULL),
(26, 'Майдан Незалежності', 2, 75, 1976, 1),
(27, 'Площа Українських Героїв', 2, 90, 1981, 3),
(28, 'Олімпійська', 2, 25, 1981, NULL),
(29, 'Палац «Україна»', 2, 20, 1984, NULL),
(30, 'Либідська', 2, 15, 1984, NULL),
(31, 'Деміївська', 2, 18, 2010, NULL),
(32, 'Голосіївська', 2, 20, 2010, NULL),
(33, 'Васильківська', 2, 16, 2010, NULL),
(34, 'Виставковий центр', 2, 14, 2011, NULL),
(35, 'Іподром', 2, 12, 2012, NULL),
(36, 'Теремки', 2, 15, 2013, NULL),
(37, 'Сирець', 3, 30, 2004, NULL),
(38, 'Дорогожичі', 3, 45, 2000, NULL),
(39, 'Лук''янівська', 3, 60, 1996, NULL),
(40, 'Золоті Ворота', 3, 96, 1989, 2),
(41, 'Палац Спорту', 3, 90, 1989, 3),
(42, 'Кловська', 3, 40, 1989, NULL),
(43, 'Печерська', 3, 90, 1997, NULL),
(44, 'Звіринецька', 3, 85, 1991, NULL),
(45, 'Видубичі', 3, 15, 1991, NULL),
(46, 'Славутич', 3, 12, 1992, NULL),
(47, 'Осокорки', 3, 8, 1992, NULL),
(48, 'Позняки', 3, 10, 1994, NULL),
(49, 'Харківська', 3, 12, 1994, NULL),
(50, 'Вирлиця', 3, 14, 2006, NULL),
(51, 'Бориспільська', 3, 16, 2005, NULL),
(52, 'Червоний Хутір', 3, 18, 2008, NULL);

INSERT INTO Station_architects (station_id, architect_id) VALUES
(1, 1), (1, 3), (1, 33), (2, 1), (2, 3), (2, 33), (3, 18), (3, 19), (3, 10), (4, 18), (4, 19), (4, 10), (5, 19), (5, 10), (6, 4), (7, 4), (8, 4), (9, 4), (10, 9), (10, 3), (10, 2), (11, 4), (11, 7), (11, 13), (11, 28), (12, 4), (12, 8), (12, 12), (13, 18), (13, 27), (14, 7), (14, 13), (15, 7), (15, 13), (16, 7), 
(16, 13), (17, 8), (17, 11), (17, 17), (18, 7), (18, 13), (19, 18), (19, 2), (19, 24), (20, 3), (20, 2), (20, 24), (21, 3), (21, 2), (21, 24), (22, 7), (22, 13), (22, 2), (22, 24), (23, 7), (23, 13), (23, 2), (23, 24), (24, 19), (24, 3), (24, 24), (25, 19), (25, 3), (25, 24), (26, 7), (26, 3), (26, 5), (27, 9), 
(27, 3), (27, 2), (28, 3), (28, 2), (29, 1), (29, 3), (30, 1), (30, 3), (31, 1), (31, 2), (31, 32), (32, 1), (32, 2), (32, 32), (33, 1), (33, 2), (33, 32), (34, 1), (35, 1), (36, 1), (37, 3), (38, 1), (38, 3), (39, 3), (40, 1), (40, 6), (40, 2), (41, 9), (41, 5), (42, 9), (42, 29), (43, 1), (43, 2), (44, 9), 
(45, 2), (46, 9), (47, 2), (48, 3), (48, 2), (48, 34), (49, 1), (50, 1), (51, 1), (52, 1);
